{"seed": {"1": 0, "2": 0, "8": 1}, "dualVariables": [["yu_1_2_8p1", 0.75], ["yu_1_2_8p2", 0.25], ["yu_1_2_8_3n3", 0.25], ["yu_1_2_8_3p4", 0.75], ["yu_1_4_8_3n2", 1.0], ["yu_1_4_8_5n3", 0.3214285714285714], ["yu_1_4_8_5p2", 0.6785714285714286], ["yu_1_6_8_5p2", 0.25], ["yu_1_6_8_5p3", 0.75], ["yu_1_6_8_7n3", 0.75], ["yu_1_6_8_7p2", 0.25], ["yu_1_8_7n0", 0.5], ["yu_1_8_7p3", 0.5], ["yu_1_8_2n0", 1.0], ["yu_1_8_2_7p1", 1.0], ["yu_1_6_2_7n1", 0.25], ["yu_1_6_2_7n4", 0.75], ["yu_1_6_2_5n2", 0.8571428571428571], ["yu_1_6_2_5n4", 0.1428571428571429], ["yu_1_4_2_5n1", 0.3928571428571428], ["yu_1_4_2_5n4", 0.17857142857142855], ["yu_1_4_2_5p4", 0.4285714285714286], ["yu_1_4_2_3n4", 1.0], ["yu_1_2_3p1", 1.0], ["yu_2_3_4n0", 0.2142857142857142], ["yu_2_3_4p1", 0.7857142857142858], ["yu_2_5_3_4n4", 0.7857142857142858], ["yu_2_5_3_4p4", 0.2142857142857142], ["yu_2_5_3_6n1", 0.8571428571428571], ["yu_2_5_3_6p1", 0.1428571428571429], ["yu_2_7_3_6p1", 1.0], ["yu_2_7_3_8n4", 0.3571428571428571], ["yu_2_7_3_8p1", 0.1428571428571429], ["yu_2_7_3_8p3", 0.07142857142857145], ["yu_2_7_3_8p4", 0.42857142857142855], ["yu_1_3_8_2n4", 0.5714285714285714], ["yu_1_3_8_2p1", 0.4285714285714286], ["yu_1_3_2p3", 1.0], ["yu_2_4_3n0", 1.0], ["yu_1_3_2_4n1", 0.5], ["yu_1_3_2_4n2", 0.5], ["yu_1_3_8_4n2", 0.25], ["yu_1_3_8_4n4", 0.5], ["yu_1_3_8_4p1", 0.25], ["yu_3_8_4_7n2", 1.0], ["yu_3_6_4_7n2", 0.6428571428571429], ["yu_3_6_4_7p2", 0.3571428571428571], ["yu_3_6_4_5n4", 1.0], ["yu_3_4_5n0", 0.3571428571428571], ["yu_3_4_5p1", 0.6428571428571429], ["yu_4_5_6n0", 0.6428571428571429], ["yu_4_5_6p2", 0.3571428571428571], ["yu_4_7_5_6n4", 0.8571428571428571], ["yu_4_7_5_6p3", 0.1428571428571429], ["yu_4_7_5_8n1", 1.0], ["yu_1_5_8_4n4", 0.25], ["yu_1_5_8_4p1", 0.5714285714285714], ["yu_1_5_8_4p2", 0.1785714285714286], ["yu_1_5_2_4n3", 0.75], ["yu_1_5_2_4p3", 0.25], ["yu_2_4_3_5n2", 0.25], ["yu_2_4_3_5p3", 0.75], ["yu_3_5_4p3", 1.0], ["yu_4_6_5n0", 1.0], ["yu_3_5_4_6n4", 0.5], ["yu_3_5_4_6p3", 0.5], ["yu_2_6_3_5n1", 0.75], ["yu_2_6_3_5n2", 0.25], ["yu_1_5_2_6p3", 1.0], ["yu_1_5_8_6n1", 0.07142857142857145], ["yu_1_5_8_6p1", 0.9285714285714286], ["yu_5_8_6_7n2", 0.1428571428571429], ["yu_5_8_6_7n4", 0.8571428571428571], ["yu_5_6_7p2", 1.0], ["yu_6_7_8p3", 1.0], ["yu_1_7_8_6n3", 0.9285714285714286], ["yu_1_7_8_6n4", 0.0714285714285714], ["yu_1_7_2_6n1", 1.0], ["yu_2_6_3_7n4", 0.25], ["yu_2_6_3_7p3", 0.75], ["yu_3_7_4_6n3", 1.0], ["yu_4_6_5_7n3", 0.5], ["yu_4_6_5_7p4", 0.5], ["yu_5_7_6n0", 0.5], ["yu_5_7_6p2", 0.5], ["yu_6_8_7n0", 1.0], ["yu_5_7_6_8n2", 0.25], ["yu_5_7_6_8p1", 0.75], ["yu_4_8_5_7n4", 1.0], ["yu_3_7_4_8p3", 0.5], ["yu_3_7_4_8p4", 0.5], ["yu_2_8_3_7n4", 0.5], ["yu_2_8_3_7p1", 0.5], ["yu_1_7_2_8n1", 0.5], ["yu_1_7_2_8n4", 0.5], ["yu_1_7_8n0", 0.5], ["yu_1_7_8p3", 0.5], ["yu_1_9_2p1", 0.5], ["yu_1_9_2p2", 0.5], ["yu_2_9_3n0", 0.5], ["yu_2_9_3p1", 0.5], ["yu_3_9_4p1", 0.5], ["yu_3_9_4p2", 0.5], ["yu_4_9_5n0", 0.5], ["yu_4_9_5p1", 0.5], ["yu_5_9_6p1", 0.5], ["yu_5_9_6p2", 0.5], ["yu_6_9_7p1", 0.5], ["yu_6_9_7p2", 0.5], ["yu_7_9_8n0", 0.5], ["yu_7_9_8p1", 0.5], ["yu_1_8_9p2", 0.5], ["yu_1_8_9p3", 0.5]], "treeWidths": {"0": 1, "1": 2, "2": 2, "3": 2, "4": 4, "5": 4, "6": 6}, "nuOmega": 25, "root": {"seed": {"1": 0, "2": 0, "8": 1}, "partition": {"1": 0, "2": 0, "8": 1}, "isValid": true, "id": 1, "leftC": {"seed": {"1": 0, "2": 0, "8": 1}, "partition": {"1": 0, "2": 0, "8": 1}, "isValid": true, "id": 2, "leftC": {"seed": {"1": 0, "2": 0, "8": 1}, "partition": {"1": 0, "2": 0, "8": 1}, "isValid": false, "id": 4, "leftC": null, "rightC": null, "system": ["-xa_1_2 - xa_1_8 + xa_2_8"], "sumOmega": 1.5, "ni": 1, "pathFromRoot": ["yu_1_2_8p1", "yu_1_2_8p2"]}, "rightC": {"seed": {"1": 0, "2": 0, "8": 1}, "partition": {"1": 0, "2": 0, "8": 1}, "isValid": true, "id": 5, "leftC": {"seed": {"1": 0, "2": 0, "8": 1}, "partition": {"1": 0, "2": 0, "8": 1, "3": 0}, "isValid": true, "id": 10, "leftC": {"seed": {"1": 0, "2": 0, "8": 1}, "partition": {"1": 0, "2": 0, "8": 1, "3": 0}, "isValid": true, "id": 20, "leftC": {"seed": {"1": 0, "2": 0, "8": 1}, "partition": {"1": 0, "2": 0, "8": 1, "3": 0, "4": 0}, "isValid": true, "id": 40, "leftC": null, "rightC": null, "system": ["Eq(xa_1_2, 0)", "Eq(xa_3_8, 1)", "Eq(xa_1_8, 1)", "Eq(xa_1_3, 0)", "Eq(xa_4_8, 1)", "Eq(xa_2_8, 1)", "Eq(xa_1_4, 0)", "xa_1_3 + xa_1_4 + xa_3_8 - xa_4_8 - 2"], "sumOmega": 5.5, "ni": 6, "pathFromRoot": ["yu_1_2_8p1", "yu_1_2_8p2", "yu_1_2_8_3n3", "yu_1_2_8_3p4", "yu_1_4_8_3n2"]}, "rightC": {"seed": {"1": 0, "2": 0, "8": 1}, "partition": {"1": 0, "2": 0, "8": 1, "3": 0, "4": 1}, "isValid": true, "id": 41, "leftC": {"seed": {"1": 0, "2": 0, "8": 1}, "partition": {"1": 0, "2": 0, "8": 1, "3": 0, "4": 1, "5": 0}, "isValid": true, "id": 82, "leftC": null, "rightC": null, "system": ["Eq(xa_1_2, 0)", "Eq(xa_1_3, 0)", "Eq(xa_4_8, 0)", "Eq(xa_2_8, 1)", "Eq(xa_1_4, 1)", "Eq(xa_3_8, 1)", "Eq(xa_1_5, 0)", "Eq(xa_1_8, 1)", "Eq(xa_5_8, 1)", "xa_1_4 + xa_1_5 + xa_4_8 - xa_5_8 - 2"], "sumOmega": 4.142857142857142, "ni": 7, "pathFromRoot": ["yu_1_2_8p1", "yu_1_2_8p2", "yu_1_2_8_3n3", "yu_1_2_8_3p4", "yu_1_4_8_3n2", "yu_1_4_8_5n3"]}, "rightC": {"seed": {"1": 0, "2": 0, "8": 1}, "partition": {"1": 0, "2": 0, "8": 1, "3": 0, "4": 1, "5": 1}, "isValid": true, "id": 83, "leftC": null, "rightC": null, "system": ["Eq(xa_1_2, 0)", "Eq(xa_1_3, 0)", "Eq(xa_4_8, 0)", "Eq(xa_2_8, 1)", "Eq(xa_1_4, 1)", "Eq(xa_3_8, 1)", "Eq(xa_1_5, 1)", "Eq(xa_1_8, 1)", "Eq(xa_5_8, 0)", "-xa_1_2 + xa_1_3 - xa_2_8 - xa_3_8"], "sumOmega": 3.5, "ni": 6, "pathFromRoot": ["yu_1_2_8p1", "yu_1_2_8p2", "yu_1_2_8_3n3", "yu_1_2_8_3p4", "yu_1_4_8_3n2", "yu_1_4_8_5n3"]}, "system": ["Eq(xa_1_2, 0)", "Eq(xa_3_8, 1)", "Eq(xa_1_8, 1)", "Eq(xa_1_3, 0)", "Eq(xa_4_8, 0)", "Eq(xa_2_8, 1)", "Eq(xa_1_4, 1)"], "sumOmega": 3.5, "ni": 4, "pathFromRoot": ["yu_1_2_8p1", "yu_1_2_8p2", "yu_1_2_8_3n3", "yu_1_2_8_3p4", "yu_1_4_8_3n2"]}, "system": ["Eq(xa_1_2, 0)", "Eq(xa_3_8, 1)", "Eq(xa_1_8, 1)", "Eq(xa_1_3, 0)", "Eq(xa_2_8, 1)"], "sumOmega": 3.5, "ni": 3, "pathFromRoot": ["yu_1_2_8p1", "yu_1_2_8p2", "yu_1_2_8_3n3", "yu_1_2_8_3p4"]}, "rightC": {"seed": {"1": 0, "2": 0, "8": 1}, "partition": {"1": 0, "2": 0, "8": 1, "3": 0}, "isValid": false, "id": 21, "leftC": null, "rightC": null, "system": ["xa_1_2 + xa_1_3 + xa_2_8 - xa_3_8 - 2"], "sumOmega": 3.5, "ni": 3, "pathFromRoot": ["yu_1_2_8p1", "yu_1_2_8p2", "yu_1_2_8_3n3", "yu_1_2_8_3p4"]}, "system": ["Eq(xa_1_2, 0)", "Eq(xa_3_8, 1)", "Eq(xa_1_8, 1)", "Eq(xa_1_3, 0)", "Eq(xa_2_8, 1)"], "sumOmega": 2.0, "ni": 3, "pathFromRoot": ["yu_1_2_8p1", "yu_1_2_8p2", "yu_1_2_8_3n3"]}, "rightC": {"seed": {"1": 0, "2": 0, "8": 1}, "partition": {"1": 0, "2": 0, "8": 1, "3": 1}, "isValid": true, "id": 11, "leftC": {"seed": {"1": 0, "2": 0, "8": 1}, "partition": {"1": 0, "2": 0, "8": 1, "3": 1}, "isValid": false, "id": 22, "leftC": null, "rightC": null, "system": ["-xa_1_2 + xa_1_3 - xa_2_8 - xa_3_8"], "sumOmega": 1.5, "ni": 2, "pathFromRoot": ["yu_1_2_8p1", "yu_1_2_8p2", "yu_1_2_8_3n3", "yu_1_2_8_3p4"]}, "rightC": {"seed": {"1": 0, "2": 0, "8": 1}, "partition": {"1": 0, "2": 0, "8": 1, "3": 1}, "isValid": true, "id": 23, "leftC": {"seed": {"1": 0, "2": 0, "8": 1}, "partition": {"1": 0, "2": 0, "8": 1, "3": 1, "4": 0}, "isValid": true, "id": 46, "leftC": {"seed": {"1": 0, "2": 0, "8": 1}, "partition": {"1": 0, "2": 0, "8": 1, "3": 1, "4": 0, "5": 0}, "isValid": true, "id": 92, "leftC": null, "rightC": null, "system": ["Eq(xa_1_2, 0)", "Eq(xa_1_3, 1)", "Eq(xa_4_8, 1)", "Eq(xa_2_8, 1)", "Eq(xa_1_4, 0)", "Eq(xa_3_8, 0)", "Eq(xa_1_5, 0)", "Eq(xa_1_8, 1)", "Eq(xa_5_8, 1)", "xa_1_4 + xa_1_5 + xa_4_8 - xa_5_8 - 2"], "sumOmega": 4.142857142857142, "ni": 7, "pathFromRoot": ["yu_1_2_8p1", "yu_1_2_8p2", "yu_1_2_8_3n3", "yu_1_2_8_3p4", "yu_1_4_8_3n2", "yu_1_4_8_5n3"]}, "rightC": {"seed": {"1": 0, "2": 0, "8": 1}, "partition": {"1": 0, "2": 0, "8": 1, "3": 1, "4": 0, "5": 1}, "isValid": true, "id": 93, "leftC": null, "rightC": null,