{"name": "gAleat2_0", "edges": [[1, 2], [1, 3], [1, 4], [1, 5], [1, 6], [1, 7], [1, 8], [2, 3], [2, 5], [2, 7], [2, 8], [2, 9], [3, 4], [3, 5], [3, 6], [3, 7], [3, 8], [3, 9], [4, 5], [4, 6], [4, 7], [4, 9], [5, 8], [6, 8], [6, 9], [7, 8], [8, 9]], "vertices": 9, "dualVariables": [["yu_1_2_8n0", 1.0], ["yu_1_2_8_3n1", 0.75], ["yu_1_2_8_3n4", 0.25], ["yu_1_4_8_3p2", 1.0], ["yu_1_4_8_5n2", 1.0], ["yu_1_6_8_5n1", 0.5], ["yu_1_6_8_5n2", 0.5], ["yu_1_6_8_7n3", -1.1102230246251565e-16], ["yu_1_6_8_7p2", 1.0], ["yu_1_8_7n0", 1.0], ["yu_1_8_2p2", 1.0], ["yu_1_8_2_7n2", 1.0], ["yu_1_6_2_7n4", 1.0], ["yu_1_6_2_5p1", 1.0], ["yu_1_4_2_5n4", 1.0], ["yu_1_4_2_3n3", 0.5], ["yu_1_4_2_3p3", 0.5], ["yu_1_2_3n0", 0.75], ["yu_1_2_3p2", 0.25], ["yu_2_3_4n0", 0.5], ["yu_2_3_4p2", 0.5], ["yu_2_5_3_4n4", 0.25000000000000006], ["yu_2_5_3_4p1", 0.6666666666666667], ["yu_2_5_3_4p3", 0.08333333333333326], ["yu_2_5_3_6n3", 0.5833333333333333], ["yu_2_5_3_6p3", 0.41666666666666674], ["yu_2_7_3_6n2", 0.41666666666666663], ["yu_2_7_3_6p2", 0.5833333333333334], ["yu_2_7_3_8p1", 0.08333333333333337], ["yu_2_7_3_8p2", 0.29166666666666663], ["yu_2_7_3_8p3", 0.625], ["yu_1_3_8_2n1", 1.0], ["yu_1_3_2n0", 0.5], ["yu_1_3_2p2", 0.5], ["yu_2_4_3p2", 0.5], ["yu_2_4_3p3", 0.5], ["yu_1_3_2_4n2", 1.0], ["yu_1_3_8_4n4", 0.08333333333333326], ["yu_1_3_8_4p1", 0.9166666666666667], ["yu_3_8_4_7n2", 0.7916666666666666], ["yu_3_8_4_7p2", 0.20833333333333337], ["yu_3_6_4_7n1", 0.33333333333333337], ["yu_3_6_4_7p1", 0.6666666666666666], ["yu_3_6_4_5n2", 1.0], ["yu_3_4_5p1", 0.6666666666666667], ["yu_3_4_5p2", 0.16666666666666663], ["yu_3_4_5p3", 0.16666666666666663], ["yu_4_5_6n0", 0.8333333333333334], ["yu_4_5_6p3", 0.16666666666666663], ["yu_4_7_5_6n2", 0.6666666666666666], ["yu_4_7_5_6p2", 0.33333333333333337], ["yu_4_7_5_8n2", 0.7083333333333334], ["yu_4_7_5_8p3", 0.29166666666666663], ["yu_1_5_8_4n4", 1.0], ["yu_1_5_2_4n1", 0.5833333333333334], ["yu_1_5_2_4n2", 0.41666666666666663], ["yu_2_4_3_5n1", 0.75], ["yu_2_4_3_5p4", 0.25], ["yu_3_5_4p2", 0.75], ["yu_3_5_4p3", 0.25], ["yu_4_6_5n0", 0.5], ["yu_4_6_5p2", 0.5], ["yu_3_5_4_6n1", 0.25], ["yu_3_5_4_6n2", 0.75], ["yu_2_6_3_5n1", 0.41666666666666674], ["yu_2_6_3_5n4", 0.5833333333333333], ["yu_1_5_2_6n2", 0.08333333333333337], ["yu_1_5_2_6p4", 0.9166666666666666], ["yu_1_5_8_6p1", 1.0], ["yu_5_8_6_7n2", 0.5], ["yu_5_8_6_7p2", 0.33333333333333337], ["yu_5_8_6_7p4", 0.16666666666666663], ["yu_5_6_7p3", 1.0], ["yu_6_7_8n0", 1.0], ["yu_1_7_8_6n1", 0.6666666666666666], ["yu_1_7_8_6p1", 0.33333333333333337], ["yu_1_7_2_6n2", 0.33333333333333337], ["yu_1_7_2_6p2", 0.6666666666666666], ["yu_2_6_3_7n2", 0.5], ["yu_2_6_3_7p1", 0.5], ["yu_3_7_4_6n4", 1.0], ["yu_4_6_5_7p4", 1.0], ["yu_5_7_6p2", 0.5], ["yu_5_7_6p3", 0.5], ["yu_6_8_7n0", 1.0], ["yu_5_7_6_8p1", 1.0], ["yu_4_8_5_7p3", 1.0], ["yu_3_7_4_8p3", 1.0], ["yu_2_8_3_7n1", 0.6666666666666667], ["yu_2_8_3_7n4", 0.3333333333333333], ["yu_1_7_2_8n1", 0.16666666666666669], ["yu_1_7_2_8p1", 0.8333333333333333], ["yu_1_7_8n0", 0.33333333333333337], ["yu_1_7_8p1", 0.6666666666666667], ["yu_1_7_8p3", -1.1102230246251565e-16], ["yu_1_9_2n0", 0.25], ["yu_1_9_2p1", 0.25], ["yu_1_9_2p2", 0.25], ["yu_1_9_2p3", 0.25], ["yu_2_9_3n0", 0.5], ["yu_2_9_3p1", 0.5], ["yu_3_9_4n0", 0.5], ["yu_3_9_4p1", 0.5], ["yu_4_9_5n0", 0.5], ["yu_4_9_5p1", 0.5], ["yu_5_9_6n0", 0.25], ["yu_5_9_6p1", 0.25], ["yu_5_9_6p2", 0.25], ["yu_5_9_6p3", 0.25], ["yu_6_9_7n0", 0.5], ["yu_6_9_7p1", 0.5], ["yu_7_9_8p1", 0.5], ["yu_7_9_8p2", 0.5], ["yu_1_8_9n0", 0.5], ["yu_1_8_9p2", 0.5]]}