{"seed": {"1": 0, "2": 1, "8": 0}, "dualVariables": [["yu_1_2_8n0", 0.5], ["yu_1_2_8p1", 0.5], ["yu_1_2_8_3n4", 1.0], ["yu_1_4_8_3n2", 0.5], ["yu_1_4_8_3n3", 0.5], ["yu_1_4_8_5p4", 1.0], ["yu_1_6_8_5n1", 0.5833333333333334], ["yu_1_6_8_5n2", 0.20833333333333331], ["yu_1_6_8_5p3", 0.20833333333333331], ["yu_1_6_8_7n2", 0.08333333333333337], ["yu_1_6_8_7n4", 0.9166666666666666], ["yu_1_8_7n0", 0.5], ["yu_1_8_7p3", 0.5], ["yu_1_8_2n0", 0.5833333333333333], ["yu_1_8_2p2", 0.41666666666666674], ["yu_1_8_2_7n2", 0.9166666666666666], ["yu_1_8_2_7p2", 0.08333333333333337], ["yu_1_6_2_7p2", 1.0], ["yu_1_6_2_5p1", 0.7916666666666667], ["yu_1_6_2_5p4", 0.20833333333333326], ["yu_1_4_2_5n4", 0.9166666666666666], ["yu_1_4_2_5p3", 0.08333333333333337], ["yu_1_4_2_3n1", 0.41666666666666663], ["yu_1_4_2_3n2", 0.5833333333333334], ["yu_1_2_3p2", 1.0], ["yu_2_3_4p2", 1.0], ["yu_2_5_3_4n3", 0.6666666666666667], ["yu_2_5_3_4p3", 0.33333333333333326], ["yu_2_5_3_6n1", 0.16666666666666674], ["yu_2_5_3_6p1", 0.8333333333333333], ["yu_2_7_3_6n1", 0.25], ["yu_2_7_3_6n2", 0.5833333333333333], ["yu_2_7_3_6p1", 0.16666666666666674], ["yu_2_7_3_8n2", 0.3333333333333333], ["yu_2_7_3_8p1", 0.5], ["yu_2_7_3_8p3", 0.16666666666666669], ["yu_1_3_8_2n1", 0.5], ["yu_1_3_8_2n3", 0.41666666666666674], ["yu_1_3_8_2n4", 0.08333333333333326], ["yu_1_3_2p2", 1.0], ["yu_2_4_3p2", 1.0], ["yu_1_3_2_4n2", 0.5], ["yu_1_3_2_4n4", 0.5], ["yu_1_3_8_4n2", 0.75], ["yu_1_3_8_4n4", 0.25], ["yu_3_8_4_7n2", 0.75], ["yu_3_8_4_7p2", 0.25], ["yu_3_6_4_7n3", 1.0], ["yu_3_6_4_5n2", 0.5], ["yu_3_6_4_5p3", 0.5], ["yu_3_4_5n0", 0.6666666666666667], ["yu_3_4_5p2", 0.3333333333333333], ["yu_4_5_6p2", 0.75], ["yu_4_5_6p3", 0.25], ["yu_4_7_5_6n2", 0.75], ["yu_4_7_5_6p2", 0.25], ["yu_4_7_5_8n4", 0.75], ["yu_4_7_5_8p1", 0.25], ["yu_1_5_8_4p3", 0.75], ["yu_1_5_8_4p4", 0.25], ["yu_1_5_2_4n1", 0.5], ["yu_1_5_2_4p1", 0.5], ["yu_2_4_3_5p1", 1.0], ["yu_3_5_4n0", 1.0], ["yu_4_6_5n0", 0.5], ["yu_4_6_5p2", 0.5], ["yu_3_5_4_6n2", 1.0], ["yu_2_6_3_5n3", 0.5], ["yu_2_6_3_5n4", 0.5], ["yu_1_5_2_6n3", 0.6875], ["yu_1_5_2_6n4", 0.3125], ["yu_1_5_8_6n3", 0.125], ["yu_1_5_8_6n4", 0.625], ["yu_1_5_8_6p1", 0.25], ["yu_5_8_6_7n4", 1.0], ["yu_5_6_7p3", 1.0], ["yu_6_7_8n0", 0.1875], ["yu_6_7_8p1", 0.8125], ["yu_1_7_8_6n2", 0.1875], ["yu_1_7_8_6p2", 0.8125], ["yu_1_7_2_6n1", 0.6875], ["yu_1_7_2_6n3", 0.3125], ["yu_2_6_3_7p3", 1.0], ["yu_3_7_4_6p2", 1.0], ["yu_4_6_5_7p1", 1.0], ["yu_5_7_6n0", 0.5], ["yu_5_7_6p3", 0.5], ["yu_6_8_7p3", 1.0], ["yu_5_7_6_8n2", 1.0], ["yu_4_8_5_7n2", 1.0], ["yu_3_7_4_8p1", 0.5], ["yu_3_7_4_8p3", 0.5], ["yu_2_8_3_7n4", 0.5], ["yu_2_8_3_7p4", 0.5], ["yu_1_7_2_8n4", 0.5], ["yu_1_7_2_8p1", 0.5], ["yu_1_7_8n0", 1.0], ["yu_1_9_2n0", 0.5], ["yu_1_9_2p1", 0.5], ["yu_2_9_3n0", 0.5], ["yu_2_9_3p1", 0.5], ["yu_3_9_4p1", 0.5], ["yu_3_9_4p2", 0.5], ["yu_4_9_5n0", 0.5], ["yu_4_9_5p1", 0.5], ["yu_5_9_6p1", 0.5], ["yu_5_9_6p2", 0.5], ["yu_6_9_7n0", 0.5], ["yu_6_9_7p1", 0.5], ["yu_7_9_8n0", 0.5], ["yu_7_9_8p1", 0.5], ["yu_1_8_9n0", 0.5], ["yu_1_8_9p2", 0.5]], "treeWidths": {"0": 1, "1": 2, "2": 2, "3": 2, "4": 2, "5": 4, "6": 8, "7": 8, "8": 2, "9": 2}, "nuOmega": 24, "root": {"seed": {"1": 0, "2": 1, "8": 0}, "partition": {"1": 0, "2": 1, "8": 0}, "isValid": true, "id": 1, "leftC": {"seed": {"1": 0, "2": 1, "8": 0}, "partition": {"1": 0, "2": 1, "8": 0}, "isValid": false, "id": 2, "leftC": null, "rightC": null, "system": ["xa_1_2 + xa_1_8 + xa_2_8 - 2"], "sumOmega": 0, "ni": 1, "pathFromRoot": ["yu_1_2_8n0"]}, "rightC": {"seed": {"1": 0, "2": 1, "8": 0}, "partition": {"1": 0, "2": 1, "8": 0}, "isValid": true, "id": 3, "leftC": {"seed": {"1": 0, "2": 1, "8": 0}, "partition": {"1": 0, "2": 1, "8": 0}, "isValid": false, "id": 6, "leftC": null, "rightC": null, "system": ["xa_1_2 - xa_1_8 - xa_2_8"], "sumOmega": 0, "ni": 1, "pathFromRoot": ["yu_1_2_8n0", "yu_1_2_8p1"]}, "rightC": {"seed": {"1": 0, "2": 1, "8": 0}, "partition": {"1": 0, "2": 1, "8": 0}, "isValid": true, "id": 7, "leftC": {"seed": {"1": 0, "2": 1, "8": 0}, "partition": {"1": 0, "2": 1, "8": 0}, "isValid": false, "id": 14, "leftC": null, "rightC": null, "system": ["xa_1_2 - xa_1_3 + xa_2_8 + xa_3_8 - 2"], "sumOmega": 0, "ni": 1, "pathFromRoot": ["yu_1_2_8n0", "yu_1_2_8p1", "yu_1_2_8_3n4"]}, "rightC": {"seed": {"1": 0, "2": 1, "8": 0}, "partition": {"1": 0, "2": 1, "8": 0}, "isValid": true, "id": 15, "leftC": {"seed": {"1": 0, "2": 1, "8": 0}, "partition": {"1": 0, "2": 1, "8": 0, "3": 0}, "isValid": true, "id": 30, "leftC": {"seed": {"1": 0, "2": 1, "8": 0}, "partition": {"1": 0, "2": 1, "8": 0, "3": 0, "4": 0}, "isValid": true, "id": 60, "leftC": {"seed": {"1": 0, "2": 1, "8": 0}, "partition": {"1": 0, "2": 1, "8": 0, "3": 0, "4": 0}, "isValid": false, "id": 120, "leftC": null, "rightC": null, "system": ["-xa_1_4 + xa_1_5 - xa_4_8 - xa_5_8"], "sumOmega": 2.0, "ni": 5, "pathFromRoot": ["yu_1_2_8n0", "yu_1_2_8p1", "yu_1_2_8_3n4", "yu_1_4_8_3n2", "yu_1_4_8_3n3", "yu_1_4_8_5p4"]}, "rightC": {"seed": {"1": 0, "2": 1, "8": 0}, "partition": {"1": 0, "2": 1, "8": 0, "3": 0, "4": 0}, "isValid": true, "id": 121, "leftC": {"seed": {"1": 0, "2": 1, "8": 0}, "partition": {"1": 0, "2": 1, "8": 0, "3": 0, "4": 0, "5": 0}, "isValid": true, "id": 242, "leftC": null, "rightC": null, "system": ["Eq(xa_1_2, 1)", "Eq(xa_1_3, 0)", "Eq(xa_4_8, 0)", "Eq(xa_2_8, 1)", "Eq(xa_1_4, 0)", "Eq(xa_3_8, 0)", "Eq(xa_1_5, 0)", "Eq(xa_1_8, 0)", "Eq(xa_5_8, 0)", "Eq(xa_6_8, xa_1_6 - 2*xa_5_8)", "xa_1_5 - xa_1_6 + xa_5_8 + xa_6_8 - 2"], "sumOmega": 2.0, "ni": 9, "pathFromRoot": ["yu_1_2_8n0", "yu_1_2_8p1", "yu_1_2_8_3n4", "yu_1_4_8_3n2", "yu_1_4_8_3n3", "yu_1_4_8_5p4", "yu_1_6_8_5n1"]}, "rightC": {"seed": {"1": 0, "2": 1, "8": 0}, "partition": {"1": 0, "2": 1, "8": 0, "3": 0, "4": 0, "5": 1}, "isValid": true, "id": 243, "leftC": null, "rightC": null, "system": ["Eq(xa_1_2, 1)", "Eq(xa_1_3, 0)", "Eq(xa_4_8, 0)", "Eq(xa_2_8, 1)", "Eq(xa_1_4, 0)", "Eq(xa_3_8, 0)", "Eq(xa_1_5, 1)", "Eq(xa_1_8, 0)", "Eq(xa_5_8, 1)", "Eq(xa_6_8, xa_1_6 - 2*xa_5_8 + 2)", "xa_1_3 + xa_1_4 - xa_3_8 + xa_4_8 - 2"], "sumOmega": 2.0, "ni": 6, "pathFromRoot": ["yu_1_2_8n0", "yu_1_2_8p1", "yu_1_2_8_3n4", "yu_1_4_8_3n2", "yu_1_4_8_3n3", "yu_1_4_8_5p4", "yu_1_6_8_5n1"]}, "system": ["Eq(xa_1_2, 1)", "Eq(xa_1_3, 0)", "Eq(xa_4_8, 0)", "Eq(xa_2_8, 1)", "Eq(xa_1_4, 0)", "Eq(xa_3_8, 0)", "Eq(xa_1_8, 0)", "Eq(xa_1_5, xa_5_8)"], "sumOmega": 2.0, "ni": 5, "pathFromRoot": ["yu_1_2_8n0", "yu_1_2_8p1", "yu_1_2_8_3n4", "yu_1_4_8_3n2", "yu_1_4_8_3n3", "yu_1_4_8_5p4"]}, "system": ["Eq(xa_1_2, 1)", "Eq(xa_1_3, 0)", "Eq(xa_4_8, 0)", "Eq(xa_2_8, 1)", "Eq(xa_1_4, 0)", "Eq(xa_3_8, 0)", "Eq(xa_1_8, 0)"], "sumOmega": 2.0, "ni": 5, "pathFromRoot": ["yu_1_2_8n0", "yu_1_2_8p1", "yu_1_2_8_3n4", "yu_1_4_8_3n2", "yu_1_4_8_3n3"]}, "rightC": {"seed": {"1": 0, "2": 1, "8": 0}, "partition": {"1": 0, "2": 1, "8": 0, "3": 0, "4": 1}, "isValid": true, "id": 61, "leftC": {"seed": {"1": 0, "2": 1, "8": 0}, "partition": {"1": 0, "2": 1, "8": 0, "3": 0, "4": 1}, "isValid": true, "id": 122, "leftC": {"seed": {"1": 0, "2": 1, "8": 0}, "partition": {"1": 0, "2": 1, "8": 0, "3": 0, "4": 1, "5": 0}, "isValid": true, "id": 244, "leftC": null, "rightC": null, "system": ["Eq(xa_1_2, 1)", "Eq(xa_1_3, 0)", "Eq(xa_4_8, 1)", "Eq(xa_2_8, 1)", "Eq(xa_1_4, 1)", "Eq(xa_3_8, 0)", "Eq(xa_1_5, 0)", "Eq(xa_1_8, 0)", "Eq(xa_5_8, 0)", "Eq(xa_6_8, xa_1_6 - 2*xa_5_8)", "xa_1_5 - xa_1_6 + xa_5_8 + xa_6_8 - 2"], "sumOmega": 3.0, "ni": 7, "pathFromRoot": ["yu_1_2_8n0", "yu_1_2_8p1", "yu_1_2_8_3n4", "yu_1_4_8_3n2", "yu_1_4_8_3n3", "yu_1_4_8_5p4", "yu_1_6_8_5n1"]}, "rightC": {"seed": {"1": 0, "2": 1, "8": 0}, "partition": {"1": 0, "2": 1, "8": 0, "3": 0, "4": 1, "5": 1}, "isValid": true, "id": 245, "leftC": null, "rightC": null, "system": ["Eq(xa_1_2, 1)", "Eq(xa_1_3, 0)", "Eq(xa_4_8, 1)", "Eq(xa_2_8, 1)", "Eq(xa_1_4, 1)", "Eq(xa_3_8, 0)", "Eq(xa_1_5, 1)", "Eq(xa_1_8, 0)", "Eq(xa_5_8, 1)", "Eq(xa_6_8, xa_1_6 - 2*xa_5_8 + 2)", "-xa_1_4 + xa_1_5 - xa_4_8 - xa_5_8"], "sumOmega": 3.0, "ni": 6,